{"stat.craftItem.convergence.ingotCopper":2,"stat.walkOneCm":7712,"achievement.openInventory":8,"stat.leaveGame":1,"stat.furnaceInteraction":4,"stat.useItem.minecraft.furnace":1,"stat.pickup.convergence.corn":9,"stat.pickup.convergence.ingotCopper":3,"stat.craftItem.minecraft.rabbit_stew":1,"stat.drop":19,"stat.jump":3,"stat.swimOneCm":66,"stat.playOneMinute":3255,"stat.useItem.convergence.cornSeed":8,"stat.drop.minecraft.dye":1,"stat.pickup.convergence.cornSeed":13,"stat.drop.convergence.ingotCopper":3,"stat.drop.convergence.corn":8,"stat.timeSinceDeath":3255,"stat.drop.minecraft.rabbit_stew":1,"stat.useItem.minecraft.crafting_table":1,"stat.drop.convergence.cornSeed":6,"stat.craftItem.convergence.cornSeed":1,"achievement.exploreAllBiomes":{"value":0,"progress":["Plains"]},"stat.craftingTableInteraction":1}